ID,test,results
ABEXOW,0.244455945,0.466123968
ABEXUC,0.254802822,0.572642803
ABEYAJ,0.218616375,0.555994689
ABEYEN,0.005031537,0.725985885
ABEYIR,0.226926094,0.241179049
ACAJOF,0.001629511,0.840626001
ACALIB,0.791959838,0.076901123
ACIBOE,0.001836453,0.704572618
ACOLIP,0.018078748,0.11691995
ACUTOI,0.012232472,0.03123948
AFIPAH,2.832390029,-0.003094852
AFOTOF,0.004436037,2.310132742
AFOTUL,0.011572181,-0.044874996
AFOVAT,0.009340564,0.180426031
AFOVEX,0.014150249,0.07792142
AFOVIB,0.013061053,0.066846296
AGARUW,0.025329691,0.165665001
AHEQAH,0.314985431,0.911163867
AHUTIH,0.028452843,0.179162592
ALAMUW,0.001619415,1.119012594
ALIXOJ,0.002380548,0.019859955
ALUKIC,0.004337293,0.310077816
ALUKOI,0.007691987,0.135149315
ALULAV,0.008951256,0.205273986
ALULID,0.116593134,0.205634698
ANUGIA,0.000869602,0.23638621
APAZOI,0.100322341,-0.032146662
APEBEE,0.020509003,0.178901315
AQODOA,0.004808093,0.050725102
AQUCOG,0.001521981,-0.029287636
AQUCUM,0.001539024,0.078888923
AQUDIB,0.001476797,0.028988287
AROFAP,0.033818039,0.093749002
AROFET,0.011047718,0.002429426
ASUBIB,0.015457811,-0.039144754
ASUJIJ,0.073658301,0.08383435
AVAQIX01,0.02540088,0.040091515
AVAQIX,0.022352346,0.002376586
AVEHAM,0.008770331,0.016976565
AVESOL,0.006217854,-0.027733058
AVIMOI,0.027607548,-0.026647747
AVIPOL,0.017977521,0.030729324
AWASAU,0.034208296,0.088026345
AWEJIW,0.005922541,0.035774842
AWIBAL,0.059728173,0.089071363
AZAFIS,0.120959092,0.216954812
AZIXUD,0.019785262,0.065310985
BACGAQ,0.0134885,0.098799497
BACMOH,0.001571295,0.030854076
BAHGUN02,0.014446035,0.066641092
BAHGUN03,0.016066382,-5.48E-06
BAHGUN04,0.014768799,-0.004935622
BAHGUN,0.016474007,0.000213742
BAKJII,0.005492363,0.003457069
BEPVAV,0.005992961,0.006657973
BEPVEZ,0.002605906,0.015296489
BEPVID,0.003351737,-0.008686274
BEPVOJ01,0.004996443,0.000738144
BEPVOJ,0.006254729,0.052423954
BETDIP,0.213082029,0.016946644
BETDUB,0.00784438,0.108690917
BETFEN,0.195290688,-0.01364398
BETFUD,0.179214921,0.23042798
BETGAK,0.097278692,0.242692843
BIBBUL,0.032119858,0.242404491
BOFCEG,0.04324468,0.086722776
BOVHEB,0.035420338,0.05506359
BOWQAG,0.030617501,0.015669927
BUDDIO,9.43E-05,0.00804323
BUGSAY,1.567752673,0.347100914
BUGSEC,0.017630583,0.579276323
BUGSIG,1.407298205,0.256889343
BUGSOM,1.503597191,0.893307447
BUKMUQ01,0.005994355,0.530786037
BUKRUW03,0.000530136,0.073652476
BUKYAJ,0.015763473,-0.030317545
BUSGIG,0.002799955,-0.016118556
BUSGOM,0.003625097,0.291759282
BUVWOF02,0.000751406,0.460993052
CADQAB,0.29264187,-0.011142164
CAJLEH,0.04807801,0.20247227
CAKXET,1.130806715,0.148745805
CAKXOD,1.116327511,0.882830262
CAKXUJ,1.100725209,0.869526505
CAKYAQ,1.134548431,0.560168505
CAKYEU,1.221714494,0.629627824
CAKYIY,1.256271825,0.928821862
CAVTAW,0.511095797,0.937923133
CAXWAB,0.001829514,0.253008068
CAXWEF,0.001988484,-0.023388207
CAXWIJ,0.002051164,-0.023458958
CAYDIR,0.003089038,-0.024154007
CEHWIX,0.021942581,-0.000459373
CELZEA,0.039893836,0.078606382
CESYEF01,8.05E-06,0.198443443
CETFOX,0.057955585,-0.095760703
CETFUD,0.248587185,0.541671038
CETHEQ,0.002106547,0.444046974
CETVAA,0.074477996,0.135318458
CIGYAU,0.000506476,0.012391999
CISMIC,0.008909649,-0.068133384
CIVTEH,0.004768675,0.096196502
CIWYUD,0.002500267,0.028817952
CODROD,3.07860471,0.18607074
CODRUJ,2.997991416,2.070520163
COKMIA,0.001478484,2.17732811
COKMOG,0.000745043,0.001034796
COKNAT,0.001286944,-0.001676947
COKPEZ,0.005450327,0.037898153
COKPOJ,0.001428225,-0.013035804
COKPUP,0.001478826,0.043013915
COKQAW,0.000547645,0.04021205
COKQEA,0.00144445,0.056291461
COKQOK,0.001427151,0.02418825
COQTEJ,0.062233362,0.045541286
COSMII,0.007921687,0.124426246
COTVIS,0.285663634,0.06651479
COWMAD,0.182526813,0.154239714
COWMIL,0.168930829,0.309512913
COWMOR,0.147730971,0.373826921
COWMUX,0.162967805,0.343615323
COXQUB,0.27725285,0.319870085
COYCEZ,0.002160864,0.100324228
COYCID,0.00080699,-0.068547517
COYTEQ,0.871568023,-0.061226606
COYTOA,0.922852121,0.222239286
CUGFAN01,0.012543008,0.261639059
CUGFAN,0.007834478,0.002285302
CUGFOB,0.017304609,0.008974448
CUGFUH,0.012554596,0.000150472
CUMDIY,0.024691382,0.004604012
CUNWEO,0.00242287,0.257116407
CUQRIR,0.007721187,0.022395894
CUQROX,0.00815322,-0.001247078
CUTBEA,0.001636464,-0.004138619
CUTBOK,0.072485606,0.091939837
CUVHIL,0.214710581,0.178071648
CUYHIO,0.058220004,0.372672945
DACXOV,0.01442857,0.00125879
DACXUB,0.016736452,0.080328852
DAGDIZ,0.004087649,0.171035081
DAJHOM,0.0164067,0.038603351
DALTAO,0.013006326,0.010907352
DARSEV,0.00368726,0.385511607
DAWBIO,0.005158708,-0.009311825
DAWBUA,0.007184077,-0.007681459
DEBGIA,0.036369729,0.015030727
DEHBIC,0.136441292,0.08216086
DEJRUH,0.009867866,0.325493872
DEZKAW,0.018998055,0.010263473
DIBPAH,0.033401172,-0.009925872
DICVES,0.158827476,0.08197096
DIDDOK,0.001282112,0.168326229
DIMJUG,1.617377494,-0.066043884
DIMKER,1.622047468,0.570967019
DITTEH,0.007110141,0.82734412
DIXKOL,0.0033617,0.050637215
DOGMET,0.033625864,0.129551336
DOGZIJ,0.006476106,0.172715127
DOKDEN,0.002775839,0.041204095
DOMKEX,0.006977584,-0.016268015
DUKMON,0.009638884,0.126014635
DUMXEQ,0.025411486,0.025844827
DUMXIU,0.026533338,0.163749337
DUPVER,0.001078164,0.161161304
DURDIF,0.003345317,-0.023206532
DUXSIA,0.030935674,0.039614752
DUZPUL,0.008827081,0.006929845
EBEMEE,0.003744435,0.168956488
EBEXEQ,0.012308665,0.061468065
EBIPOX,0.001221867,0.600012064
EBISEQ,0.012186751,0.020066127
EBOCOQ,0.006114742,0.05964762
ECODEG,0.029381695,-0.018853366
ECODIK,0.010341496,0.001944602
ECUCIP,0.395924171,0.017650828
ECUCOV,0.782933638,0.232865781
ECUDAI,2.334543824,0.433277428
ECUDEM,2.262710646,1.021862864
ECUTON,0.00464114,0.793570995
EDABOC,0.026486153,0.027618274
EDAVOV,0.000944763,0.325747907
EDEPAG,0.004636173,-0.046192855
EDUSIF,0.000357152,0.093035653
EDUVOO,0.00050738,-0.0741992
EGAFOJ,0.941117615,-0.001917899
EGAFUP,1.409690878,1.112331152
EGAGEA,1.556224095,0.960855782
EJEFOP,0.007949028,1.21241045
EJIDUW01,1.400323716,0.063731447
EKEQIV,0.00382278,1.107051492
EKOKIA,0.031601965,-0.161137432
ELIJUF,0.157682872,0.077533334
ELIKAM,1.312020219,0.234275803
ELIKEQ,1.319613757,0.731798053
ELIKIU,1.395875095,0.862155974
ELIKOA,0.016773842,0.831902444
ELIKUG,1.3844422,0.274516195
ELILAN,1.172545254,0.86261791
ELILER,0.909201882,0.484546274
ELILIV,0.911952108,0.690808117
EMOFIX,0.005328514,0.570323586
EMOHIZ,0.005607436,0.045308515
EQERAU,0.004650112,0.034735084
EQEREY,0.008163723,0.174306273
EQERIC,0.012934372,-0.008079648
EQEROJ,0.012138794,-0.008886129
EQOCES,0.005492336,0.105478123
EQOCIW,0.006913977,-0.036291987
EQUBIC,0.039323022,-0.037403882
EQUBOI,0.004145893,0.610015035
EQUBUO,0.041639418,-0.02496025
ESARUN,0.020435111,0.822453618
ESEHIV,0.069785455,0.075064376
ESUSAO,0.00459839,0.018358439
ESUSOC01,0.003462532,0.066768959
ESUVAR01,0.009818203,0.040472209
ESUVAR,0.006202513,0.055907071
ETEJUJ,0.254741604,0.069038406
ETEKAQ,0.282479848,0.255369961
ETEKEU,0.318882875,0.261253893
EVADIQ,0.007649119,0.331433654
EVUQUI,1.239995153,0.383248091
EWASIG,0.011635377,1.009445786
EWETUW,0.082882212,0.109270498
EWUCOP,0.009208411,0.178293347
EWUTEW,0.003305198,0.016637832
EXUHEM,0.006212982,-0.046561927
EYACOX,0.005205233,0.020368457
EZESAF,0.018639784,-0.042253345
EZUCIM,0.011251711,0.032802716
FAFMAC,0.001566826,-0.037869632
FATKAO,1.338861395,0.057658285
FATKES,1.352760286,1.197682381
FATKIW,1.38516372,0.998869896
FATKOC,0.046204718,1.278284073
FATKUI,1.349880481,0.42001152
FAVGIV,0.023106447,0.948559046
FAVGOB,0.030741473,0.422636449
FAVHAO,0.006498655,0.434685171
FAVHES,0.014951793,0.098448709
FAVHIW,0.015741216,0.302520752
FAZZEM,0.028679787,0.280401975
FECWOB01,0.016199011,1.057367563
FEVNOK,3.59E-05,0.036437526
FEWGUL,0.037666195,0.068801835
FEYQIK,1.383441904,0.350266099
FIBHIJ,0.002326826,1.125582457
FIFPOA,0.001314886,-0.013666749
FIMXUW,0.898888432,0.023794755
FIPXAF,0.131676434,1.722894669
FITJAU,1.764474151,0.058656543
FITJEY,1.68196974,1.271264076
FIZPOV,0.012943216,1.498884439
FOCZAA,0.016633982,0.127614424
FOFCOU,0.016192679,0.161032856
FOFTIF,0.04829818,0.127507702
FOJVUX,0.003605102,0.010366663
FOKYEL,0.126814204,-0.006881744
FOKYIP,0.6511479,0.254666746
FUDGES,0.00712015,0.489870995
FULQUZ,0.018138428,0.13447836
FUNBAS,0.00765081,0.791284263
FURFOP,0.014688965,0.027202442
FUWXOL,0.019211698,0.058094755
GACPUX,0.005735396,0.011797056
GAGSUF,0.035247062,0.048821747
GAJYUN,1.952259104,0.449491084
GAJZAU,1.57988858,0.615672827
GAJZEY,1.536994829,0.688401461
GAJZIC,1.788172916,0.773841918
GAJZOI,1.530207382,0.85097599
GAJZUO,0.221599784,0.825392544
GAKBAX,0.021924231,0.448631465
GAMTAQ,1.904685251,0.176612109
GAMTEU,2.159989824,1.029125214
GAMTIY,2.261151234,0.914286792
GARLAP,0.041510909,1.208165407
GARLET,0.07214845,0.057018206
GARLIX,0.059773012,0.094901308
GARLOD,0.073502731,0.085347906
GARLUJ,0.01476271,0.118029773
GARMAQ,0.062591295,0.0239508
GARSUQ,0.022898342,0.100475192
GARTAX,1.627880464,0.319255829
GARTEB,1.224013453,0.993949771
GARTIF,1.296799615,0.719697356
GASSUR,0.003441068,0.653677464
GATHAL,0.001892776,0.036884695
GAWMOI,0.050053013,0.033404797
GEDQIR,0.111436176,0.12701188
GEDRAK,0.371355277,0.155314878
GEDREO,0.122314438,0.142551512
GEDROY,0.579957741,0.14821583
GEDSEP,0.228497363,0.129812881
GEDSOZ,0.139775781,0.137030661
GEDSUF,0.064384063,0.147584885
GEJJEL01,0.036764068,0.129826456
GEVXIQ,4.539740221,1.08773613
GEVYEN,0.000517535,3.549750328
GIFFAE,2.392770375,0.025653422
GIRXUC,0.000558952,1.368983269
GISMIG,0.439741889,0.042068541
GOLQII,0.002489065,0.068832502
GONNAA,0.008582416,0.276120037
GOYXEZ,0.006347507,0.118955299
GOYXID,0.006772616,-0.012675673
GOYXOJ,0.006463726,0.374410182
GOYXUP,0.007403803,0.210922226
GOYYEA,0.007455646,0.247268334
GOZNEQ,0.019075173,0.17668283
GUBKUL,0.81517736,0.018125191
GUFBOA,0.152815631,2.088422537
GUKNIK,0.000500971,0.10808219
GUMDEZ,0.148790596,0.268719137
GUSCIH,1.344661465,0.012914449
GUWDUY,0.004132421,1.429915428
HAJJAE,9.93E-05,-0.033845901
HALQUJ,0.007058126,0.046269551
HALVAU,0.005775081,-0.024273545
HAMJOW,0.005985112,0.088501692
HAPNOE,0.010209257,-0.013663948
HAPNUK,0.013592511,0.655516088
HAWWOT,0.038134448,0.525270581
HAWWUZ,0.036762337,0.183002144
HAWZEM,0.0248325,0.201632142
HAZGOF03,0.001578804,0.001882732
HAZGOF04,0.001464307,0.044865713
HAZGOF06,0.00171298,0.050497472
HAZGOF07,0.001381118,0.050034225
HAZGOF08,0.00182211,0.054319695
HAZGOF,0.001927662,0.051524192
HEBKEG,0.011053161,0.054000422
HEDBOJ,3.220298783,-0.040720999
HEDBUP,3.287071206,3.66060853
HEDCAW,0.003137333,3.518199205
HEDGUS,2.98E-05,0.075881854
HIHFOV,0.062489414,0.042662337
HOGLEV01,0.003710308,0.003720999
HOJLEY,0.00055077,0.005329192
HOVJIN,0.003588851,0.038227081
HOWQAM,0.002932193,0.4919734
HOXGEH,0.002000336,0.041708618
HOXKIP,0.005409432,0.296331137
HOZFEJ,0.000496264,0.173623592
HUCFAO,0.06153361,-0.029685199
HUCLIB,0.002675894,0.021337137
HUCXEK,0.012869668,0.404630274
HUCXIO,0.01082417,0.146297902
HUCXOU,0.011018952,0.159960821
HUSJUC,0.012683648,0.247318923
HUWLUI,0.002893948,0.547655463
IBUDOZ,0.007557967,0.176066339
ICIZAV,0.002092209,-0.044921726
ICOWON,0.763606564,0.074903443
IFUNUU,0.071448413,1.08260119
IGINIX,0.006622485,0.123773724
IGUTUB,0.015516953,0.084475979
IGUVIR01,0.012716286,-0.003228217
IGUVIR,0.017517137,0.020741954
IHECAB,0.053206393,0.002017051
IHERIY,0.056076507,-0.015566438
IHILUI,0.018837106,0.059291497
IHIMAP01,0.030385037,1.038287997
IHIMAP,0.01998613,1.029735565
IJANAJ,0.015388321,1.078979969
IJASOC,1.496595321,0.046784401
IKETUO,0.861151557,0.425377905
IKEVAW,0.824598221,0.424639404
IKUTIT,0.297212155,0.511170864
IKUTOZ,0.517960558,0.225079671
ILIQEB,0.02234637,0.238632366
ILOJEZ,0.002981504,0.033866316
IPIJUM,2.72855929,0.014851451
IROROY,0.107485231,1.609366655
ITIPOS,0.001258202,0.089559197
IVARUT,0.007130154,0.112312466
IVUVIG,0.963784928,0.029531881
IWOSAP,0.006415656,0.52052474
IXODUV,0.001732383,0.861773133
IXOFEH,0.001755225,-0.016704828
IXOFUX01,0.001562872,-0.034175724
IXOFUX,0.00160014,-0.015109479
IYAHAT,1.610723434,-0.020513207
IZEWAN,0.00526258,0.99747622
IZUMUM,0.001731316,-0.018431515
JADBIC,0.416778581,-0.016158462
JADJOQ,0.001603318,0.272904873
JALPAQ,0.000249297,0.084441662
JASNAT,0.013717719,-0.019293815
JEDJUY,0.159345153,-0.016521096
JEJKEP,0.008715715,1.429765701
JEJWOL,0.02312886,0.059764907
JEMNAR,0.009780842,0.135760114
JIQVAH,0.00636397,0.047192603
JIZWEW,0.00961107,0.214638427
JODFOZ,0.028523478,0.024419129
JOFGOC,0.011971593,0.001497209
JOFKIA01,0.005354283,0.053175911
JOFKIA,0.003249376,0.075691923
JOSNAG01,1.245965694,0.072721288
JOSNAG,1.254049826,0.983298779
JOYKUF,0.003111509,1.034167647
JUCGUL,0.00638637,0.03930293
JUMCUR,0.001949983,0.003787965
JUMDAY,0.002490376,-0.024942219
JUWBIO,0.017104451,-0.030387521
KAJZIH,0.001088807,-0.016270489
KANDAG,0.007703192,0.060071498
KASRED,0.005115483,0.034765348
KAVKIC,0.327301269,0.066860527
KAVLID,0.003640173,0.799764395
KAWBOB,0.004858188,0.020729616
KEFBEE,0.001501334,0.081377879
KEJBOQ,0.02298474,0.007004008
KEJHIQ,0.02337323,0.050356954
KESGAS,0.007002755,0.077005595
KESHAT,1.349283346,0.037964091
KEXKAB,0.007327757,1.106347799
KEXPOU,0.007896295,0.104714721
KIDVIE,0.012586578,0.142696828
KIKFIV,0.004494796,0.130142644
KINDIW,0.033170087,0.02858831
KINFAQ,0.01775897,0.154966831
KIPKEB,1.173602949,0.627569318
KIQKOK,0.008503933,0.38387233
KIVDUQ,0.322809861,0.070457309
KIVFAY,0.515066362,1.002309203
KIVFEC,0.560079789,0.930931687
KIYQIU,0.007191117,0.960195303
KIYQOA,0.021098863,0.05713734
KOBPIB,0.599637521,0.031177029
KOBPUN,0.422398338,0.16570577
KOGJOG,0.866417384,0.249493405
KOKSIO,0.006598333,1.0755409
KOMGUP,0.038256679,0.04810454
KOSJAF,0.002006994,0.008765906
KOSJEJ,0.001775486,-0.019946724
KOSJIN,0.001304457,-0.039686322
KOSJOT,0.001801308,-0.03848055
KOSKAG,0.001745212,-0.021846205
KOSKEK,0.001733637,-0.019257128
KOSKIO01,0.001634801,-0.022812366
KOSKIO,0.002047953,-0.012676984
KOSKUA,0.001714048,-0.00621587
KOSLAH,0.001307128,0.040745884
KOSLEL,0.001351055,0.046913281
KOSLIP,0.001244041,-0.027311772
KOSLOV,0.001571326,-0.017323345
KOSMAI,0.001531513,-0.009351045
KOTSIX,0.017768343,-0.029646039
KUMBOL,0.04328745,0.034089789
KUMBUR,0.043030226,0.178400576
LABJUV,0.002022586,0.117441013
LABKIL,0.056392291,-0.075536728
LACJAC,0.013054124,0.000206739
LADQEP,0.006961552,0.035979629
LADQIT,0.142982625,0.130981758
LADQUF,0.104602513,0.343955606
LAGWUN,0.001884573,0.246183187
LAJJAK,0.011490295,0.169422209
LALPIZ,0.008011818,-0.020540148
LALPOF,0.076195321,0.372890085
LASYOU,0.001819279,0.445679486
LAWGEW,0.000324684,-0.007467777
LAWGOG,0.000339114,-0.056505203
LAWGUM,0.000323481,-0.055352539
LEJRIC,0.002100155,-0.05499965
LEPLAV,0.00712157,-0.039814085
LEVYOC,0.123724445,0.258721113
LIBZIG,0.93328844,0.100464121
LIVLUZ,0.007624513,0.779485762
LIXDAZ,0.115016774,-0.007893473
LODPUR,0.091099904,0.320210934
LUMMAJ,0.017944053,0.014302328
LUMZEA,0.007200043,0.01293084
LUTCEJ,0.001614837,0.019601926
LUWMIB,0.19439951,-0.00114575
LUWYUY,0.006757234,0.180081517
LUYHAP,0.001060101,-0.028699636
MABJUV,0.004979537,-0.04897666
MABKEG,0.006251066,0.040644169
MABKIK01,0.002800244,0.009337097
MADWAQ,0.004331198,0.049411967
MAGBAZ,0.001359583,0.094330698
MAKRAU,0.006134798,0.087292477
MAPHAP,0.01189627,0.03521277
MARLID,0.014290268,0.164287567
MASZOX,0.015950278,1.327338696
MATBAM,0.003915326,-0.054290354
MAWTUC,0.006622606,-0.053770006
MAYXUG,0.07283158,-0.022071064
MEJQEZ,0.028526623,0.256974101
MEJQID,0.018136818,-0.012182444
MEJQOJ,0.017670442,-0.013929754
MEJZEI,0.020773734,-0.007283807
MEJZIM,0.036292198,0.207461625
MEJZOS,0.041816319,0.192763254
MEJZUY,0.036717498,0.194001257
MEKBAH,0.033053248,0.203269199
MEKDUC,0.018825456,0.107881054
METYIU,0.001247079,-0.025342435
MICPAQ,0.005249279,-0.045514971
MICPEU,0.006179373,-0.029284328
MIFGEP01,0.010476241,-0.047060668
MINCIX,0.481499916,0.0184163
MINCUJ,0.063935363,0.144590884
MITGOL,1.71460879,0.114240572
MITGUR,0.77556176,1.545706511
MIXKUB,0.001581298,0.601163566
MIXPIU,0.012954808,0.081047416
MIZKOW,0.00436744,0.08536838
MOCKAR,0.001502825,0.267652482
MOGNAY,0.010529424,-0.026716083
MOLQEL,0.008503688,0.276602864
MOYYEF,0.002038273,0.165480971
MOYYIJ,0.003218942,-0.026550144
MUFXUI,2.344223081,-0.008686602
MUHPAI,0.01642473,1.732117653
MUKRIU,0.003177185,0.126714304
MULQOA,0.017570565,0.046628818
MUNPAN,0.003551975,0.035549
MURTUO,0.003686079,0.015514627
MUVGOA,0.025067418,0.78194797
MUZVUA,0.005232993,0.044075087
NABMUA01,0.008617844,0.009596199
NABMUA,0.00863526,0.260289341
NACVUI,0.010499236,0.073787376
NACYOG,0.034746863,0.180409238
NAHFOU,0.027591843,0.164979994
NARPOO,0.174766594,0.007929355
NATXIR,1.074373083,0.519939125
NAVJAW01,0.001652609,0.919391751
NAVJAW,0.001843752,0.063800275
NAWHOL,0.353670659,0.028491318
NAYMOQ,0.012969744,0.869482994
NEBNOZ,0.003708003,0.320042312
NEDWAW,0.001159165,0.009036049
NEHZIK,0.001505537,-0.072485536
NEPWIQ,2.540220155,-0.01411581
NERMON,2.044433438,1.823120832
NHBZZN10,8.49E-05,1.160393119
NIGFIT,0.475535798,0.060594454
NIGFOZ,0.507701279,0.413332433
NIGFUF,0.552142769,0.30809173
NIGGEQ,0.680667157,0.260720104
NIGGIU,0.004686964,0.356603324
NIJSAC,0.032428996,0.188946068
NISBEX,0.713594679,0.055632785
NIYZIG,0.002253453,0.547906101
NOFHOG,0.009223354,0.068901032
NOHFOG,1.211328361,0.030824259
NOKPEJ,0.032614652,1.408743143
NUFBUN,0.002603023,0.116840258
NUTQAV,0.001034565,0.067315444
NUYNEC,0.003198501,-0.013524324
NUYWEK,0.003410078,-0.102458715
NUZSAD,0.001463481,-0.05028528
OBAFEF,0.003544653,-0.008455575
OBAFIJ,0.05249738,0.108075783
OBUFEX,0.004698864,0.085357934
OCAWAT,0.033169654,-0.015868694
OCUGEZ01,1.343124449,0.355124801
OCUGEZ,1.230614964,0.926098049
ODAJAG,0.181772225,1.083412647
OFEHAK,0.027870086,0.624390066
OFUYUL,0.008450803,0.05403021
OGAGAF,0.005994933,-0.056820691
OGAGEJ,0.003737381,0.08216022
OGAGIN,0.010879063,0.015008941
OGAXUR,0.0097811,0.075138718
OGECOU,0.009861476,0.094930738
OGIBUD,0.002762132,0.104205057
OHAKEO,0.010687978,0.371213913
OJAKOA,0.663298868,-0.006765366
OJAKUG,0.011787564,0.318624496
OJONOQ,0.651581611,0.059269905
OJOZOE,1.311245808,1.935432673
OKAYAC,0.042085762,0.429750025
OKAYEG,0.045594253,0.043410301
OKAYIK,0.042124582,0.043135047
OKIMAY,0.036667921,0.048218012
OKITAE,0.031450064,-0.019417197
OLONAG,0.287289037,0.225325808
OLUCAZ,0.015297808,0.533921242
OPAPEB,0.069552778,0.07793051
OPAPIF,0.003636468,0.530746281
OPAPOL,0.059374229,0.215773746
OPAPUR,0.050818246,0.401849657
OPENIH,0.014569765,0.498803109
OPENON,0.031146114,0.033706665
OPOBIF,0.001923108,0.007461384
OPOYUO,0.005430141,0.023730189
OQEPUW,0.010756721,0.059532434
OQETEK,0.001835613,-0.006422788
ORIVOC,0.002082592,0.073416188
ORIVUI,0.001405058,0.052573085
ORIWAP,0.001904893,0.006171376
ORIWET,0.002492901,0.103752241
OSAXAI,0.043109667,-0.035344005
OSIWUJ,0.00206009,0.010261446
OSIXEU,0.002306171,0.007754594
OSOMIT,0.03825447,0.005534381
OTATOT,0.001345088,0.047322944
OTAVAH,0.001400913,0.138655424
OTAVOV,0.001396047,0.311587304
OTAVUB,0.00116024,0.193587303
OVICUS,0.006499456,0.061264202
OXAZIX,0.083914244,0.021475986
OXUPUT,2.568693803,0.945533454
OYEBIE,0.038832629,0.803832054
OZUKUR01,0.001022339,-0.011437953
OZUKUR,0.001496837,-0.047677755
OZULAY,0.001638784,-0.038497537
OZUMAZ01,0.000926659,-0.037577957
OZUMIH,0.001033002,0.04599528
PACZUQ,0.000616534,0.018609226
PAKXIK,0.036110133,0.541028023
PARHAS,0.008876049,0.076965868
PARHEW,0.005406156,0.196645871
PASMUT,0.080774338,0.088824958
PEFSEA,0.003601219,0.431459337
PEFSUQ,0.001906673,0.047691211
PEGBAG,0.003626725,0.075937882
PEGCAH,0.007095532,0.041747421
PEGCEL,0.005927585,0.058994845
PEGPUO,0.455341989,0.038262978
PEGQAV,0.429063719,0.568763494
PEGQID,0.380110667,0.577792645
PEGQOJ,0.319470983,1.065937996
PEGQUP,0.225148187,0.687182367
PEMRIK,0.008875446,0.889009356
PENZUE,0.000126949,0.013357654
PEPLEC,0.001776865,0.105143502
PEPLIG,0.001980038,-0.034398735
PEPLOM,0.004072784,-0.045529366
PEWGEF,0.002569937,-0.054802209
PEYPIU,0.048133571,0.154338956
PIHNUQ,0.027354508,0.02115427
PIHWAG,0.0041217,0.050317883
PIJROR,0.005597639,0.374001771
PIZPAP,1.249273328,0.369654059
PIZPET,0.129346866,0.53960675
PIZPIX02,1.200096695,0.640267015
PIZPIX,0.972343235,1.1707201
PIZPOD,0.034288019,1.077544689
PIZQUM,0.014362425,0.320971787
PIZRAT,0.00826762,0.110586882
PIZRUN,0.014939139,0.138529062
PIZSAU,0.006400898,0.111554518
POLYEW,0.029882136,0.106386334
POXHIU,0.002735787,0.065620914
POXHOA,0.002650019,0.517234266
POXHUG,0.00275453,0.266402811
PUFXIZ,0.032041122,-0.015699983
PUFXUL,0.025517989,0.084010005
PUJJEL,0.002718328,0.047310904
PUPNAQ,0.014078328,0.304683805
PUPXII,0.012902922,0.033841759
PUQHIT,0.004891857,0.105357811
PURJES,0.02967794,0.067757696
PURQEZ,0.003973163,0.051138043
PURSOK,0.076979968,0.070594013
QADWEA,0.025744705,0.106155843
QADWIE,0.15159499,0.096391454
QADWOK,0.146089048,0.599526763
QADWUQ,0.144989464,0.404319465
QADXAX,0.129406059,0.482750475
QALNIA,0.180510771,0.789559424
QARCET,0.010778021,0.467708647
QATHOK,0.009099156,0.034710646
QATRAG,0.277111415,-0.002477676
QAVZAQ,1.236972069,0.349316478
QAWRIQ,0.649274323,0.946601152
QEJYIP,0.013223347,0.602355719
QERZUI,0.01902783,-0.030492276
QETCUO,0.466653256,0.004958332
QEVKOS,0.006907094,0.3467471
QITDEE,0.045215458,-0.006823421
QITYOI,0.044119789,0.07165134
QIXNES,0.618044099,0.619672954
QIXNIW,1.228383211,0.913073659
QOFLAA,0.000516982,1.530697823
QOJTUE,0.010699159,0.061267838
QOJVAM,0.010598195,-0.063102633
QOMFEE,0.005887274,-0.056180328
QOMTET,0.115952195,-0.015872031
QOSJEP,1.001058518,0.147846133
QOTZEG,0.04362375,0.953614116
QOVDAH,0.003480571,0.50179565
QOVDEL,0.001904921,0.112539738
QOVSOL,0.023212713,0.122750178
QOVWOP,0.161299576,0.001187831
QUDJIJ,0.019451625,0.01904501
QUDJOP,0.030929729,0.06485033
QULMIU,0.001416781,0.079776198
QUQFIS,0.009592966,0.044517577
QUQFOY,0.007443187,0.1298915
QUQPUO,0.053995504,0.047935754
QUVDOB,0.570832445,0.035216376
QUVDUH,0.284574409,0.395776451
QUVFAP,0.573267004,0.356336862
QUVFET,0.194742674,0.782216787
QUWYEO,0.045759619,0.235092744
RAHBUZ,0.007130159,0.036836401
RANPAA,0.616527793,0.089731634
RAPYUE,0.000733501,0.464631051
RASXEP01,0.403737569,-0.084468901
RASXIT,0.004241668,1.212001801
RATVEP,0.049333938,0.202683002
RAVVUH,0.00418113,0.121105462
RAVWAO,0.006176796,-0.094512492
RAVWES,0.007153879,-0.070591331
RAXDAX,0.016331399,-0.040904373
RAZGOQ,0.003677734,0.036195949
REGLOG,0.007325994,0.031181529
REGRAY,0.001584545,-0.101396978
REGREC,0.002511554,0.076186731
REGRIG,0.003645646,-0.051805466
RESWOC,0.182073479,0.059188232
REYBAA,0.009115247,0.465366721
RIBTAZ,0.001850554,-0.023575217
RICBEM,0.000689062,-0.016448587
RIFQEC,0.018482275,-0.013808042
RIFQUT,0.094438556,1.861581087
RIGWIP,0.001864297,0.062339902
ROGSAI,0.004059984,0.095153451
ROQVIE,0.002378615,0.02181308
ROSKER,0.037705872,-0.024140835
ROTTOL,0.005003606,0.139420807
RUBHOM,0.00279129,-0.01046592
RUBHUS,0.00155046,0.204555735
RUFMUA01,0.107693168,0.205091923
RUFRIV,0.002121657,0.146895111
RUPZIM,0.001295084,0.018992424
RUSWIN,0.819182543,0.033456013
RUSWUZ,0.48672269,0.177322209
RUSXAG,0.886169498,0.220074266
RUSXEK,0.824881658,0.191752613
RUVKAV,0.000987458,0.170891687
RUWWOW01,0.872197598,-0.005609542
RUWWUC,0.016821944,0.764578998
RUWXAJ,0.024427486,0.843042195
RUWXEN,0.835212335,0.74873364
RUYNIK,0.006433311,1.013474941
SADLEQ,0.008323478,0.119338155
SAKRAZ,0.001684232,0.5127846
SAKRED,0.001558441,0.056764051
SAQQAD,0.010478227,0.057920441
SAQQEH,0.009166755,0.17301169
SAQQIL,0.009913435,0.432140589
SAQQOR,0.003659611,0.436494201
SARGUP,0.001185763,0.19774133
SARNOQ,0.000762027,0.057116777
SARTIR,0.001795464,0.055266201
SEGBIR,0.000315413,-0.04492566
SETQAL,0.032706987,-0.011527389
SETQEP,0.026919455,0.035081178
SEYDUW,1.198388843,0.034677848
SEYFAE,1.988394821,0.438009769
SEYFEI,0.473301073,0.954952598
SIKYER,0.004529775,0.323284745
SIRZUQ,0.000717609,0.091697603
SIVGIP,0.002804734,0.031811416
SIVGOV,0.003082448,-0.030674845
SIVGUB,0.001015899,-0.027278215
SIVQAR,0.004128913,-0.06107673
SIVVAW,0.041923429,0.099465683
SOBZEQ,0.21654038,0.009025484
SOTTUR,0.243117894,0.091328636
SOTWUV,0.139757643,0.176361293
SOTXAC,0.142758971,0.150090545
SUJNUH,0.000999207,0.393033773
SUKREX,1.034004775,0.084659025
SUKRIB,1.43456603,2.112390757
TAKGOE,0.002342059,2.27041316
TAKGUK,0.002678452,0.059661642
TAKHAR,0.001180458,0.153500363
TAKHEV,0.00279048,0.025045112
TAPHOJ,0.000282521,0.165465698
TATSIS,0.106402508,0.042918056
TAVCIF,0.036689211,0.030315086
TAYNEN,0.006621731,-0.018861353
TEDSIG,0.011640719,0.062358722
TEJGAS,0.037684717,0.078265458
TEJGEW,1.348956035,0.435043573
TEJGIA01,1.373472083,1.049349785
TEJGIA,1.369843681,1.285840988
TETWUM,0.003012067,1.199855089
TEWFUY,0.0109005,0.11457023
TISNEQ,0.001260587,0.030318722
TOBJUR,0.002201764,-0.021329314
TOBKAY,0.084665859,0.010580063
TOBKEC,0.089037008,0.278932631
TOFQEM,0.00724891,0.18960613
TOHYUM,0.007799173,0.046474248
TOKDON,0.017563335,0.033344477
TOXHAR,0.003854831,-0.043331653
TUFTAR,0.002490652,0.027461499
TUKCUZ,0.018469554,0.224256918
TUMDAI,0.095392844,0.00816685
TUMQOJ,0.074306947,0.018085241
TUMREA,0.15760516,0.037149861
TUMRIE,0.040737176,0.029883161
TUMROK,0.069329868,0.020506635
TUTHOG,0.007033791,0.013759196
TUZVUH,0.000844835,0.021185756
UBIPAY,0.016511801,0.054669008
UCEXAC,0.560406743,0.009895846
UCEXIK,0.536958355,0.291307509
UDEPIE,0.002681197,0.536645174
UDICER,0.005544817,-0.022014618
UFUNAK,0.004390312,0.324415028
UGEPEB01,0.003073207,-0.01112482
UGUGUZ,1.456676755,-0.013102859
UGUHAG,0.697664748,0.745851517
UGUHEK,3.226670369,1.171594143
UHAXUW,0.005076806,2.495589495
UJAQEC,0.010032949,0.003035873
UKAPUS,0.014472145,0.111280486
UKAQAZ,0.011963192,0.25671646
UKAQED,0.004560571,0.285310507
UKAQIH,0.008958213,0.099454984
UKUBIM,0.013587602,0.308466613
UKUCAF,0.023063682,-0.016404659
ULUVUT,0.002161134,-0.021089494
UMUTOM,0.043229722,-0.041608274
UMUTUS,0.034324126,0.193972468
UNIPAJ,0.004888325,0.543612003
UNOJUD,0.054802602,0.025724158
UPIBOM,0.006323269,0.681167603
UQULAU,0.00535786,0.428793907
UREVOE,0.627595454,0.029893845
USORUR,0.002613173,0.60776794
USUBUG,0.002153105,0.036530897
USUQOQ,1.553274855,-0.04185757
UVARIT,0.042107823,1.264834404
UVAROZ,0.044145226,0.018005863
UVARUF,0.05531988,0.021107897
UVASAM01,0.039858591,-0.01134479
UVASAM,0.041711329,0.007968217
UWELIS,0.009549696,0.019342989
UXABOL,2.367517651,-0.000568569
UXABUR,0.000339708,2.186519146
UXUYUI,0.000900863,1.081943035
UXUZAP,0.02345965,-0.056402147
UZAMUE,0.009121094,-0.012874484
UZANAL,0.022402107,0.241418883
UZANEP,0.018552297,0.724006891
UZATAR,1.6737908,0.722632289
UZIJUJ,0.043477961,2.298326969
UZUNAF01,0.00089722,0.040636852
UZUNAF,0.000903728,0.035383791
VAHVOR,0.121304904,0.026704341
VAMQIM,0.001231938,0.186401635
VAPFOJ,0.056722998,0.012589559
VAPFUP,0.03557976,0.294324666
VAQLAC,0.000247179,0.308744967
VAQLEG,0.017144786,0.04896076
VASFAZ,0.164401553,0.064431727
VASFED,0.141744594,0.204810306
VASFIH,0.010381743,0.285490155
VASFON,0.103646164,0.557163835
VASFUT,0.002810621,0.271093994
VASKOR,0.006616433,0.053974986
VATVUK,0.007878735,0.295829326
VAYDOQ,0.031786597,-0.001263976
VAZTOG,0.00027057,0.793066084
VEHPUU,0.000626326,-0.042188376
VEHRIL,0.00569624,0.048712492
VETTOE,0.089975659,1.384078741
VICYUD,0.062053454,0.262698859
VIDXOX,2.291508267,-0.02100271
VIFBOD,2.263178055,2.091774702
VIQQUJ,0.049684452,1.797121763
VIRVEY,0.001570842,0.113242045
VIVLAP,0.18742796,0.134783298
VIXTUT,0.007131128,0.213055208
VIXVUV,0.022206442,0.055591077
VIYMAT,0.018760161,0.110711157
VIYZIO01,0.0455539,0.754858851
VIYZIO,0.046180778,0.018465638
VODQIP,0.101499059,0.017116338
VODSEM,3.816259415,0.247423545
VOJGOS,0.006145873,4.184647083
VOLPET,0.002214278,0.008211777
VONCOS,0.014107881,0.095219254
VUDXID,0.145895758,0.62833488
VUKRUQ,0.001680279,0.271243185
VUKSAX,0.000921481,-0.033178151
VUQKOI,0.001456743,-0.003131777
VUWSAJ,0.464252629,0.055389434
WAGZEL,0.332905371,0.358125299
WAHFUJ01,0.002950415,0.503107071
WAJHOG,0.022543022,0.00422591
WALBOC01,0.01309003,0.018764362
WALCET,0.030531227,-0.02103588
WALKAY,0.013382488,-0.030995309
WALMOO,0.577297272,0.029170439
WAQFIG,0.0042275,0.392968774
WATPIT,0.003248953,0.035775855
WEBREC,0.024825526,0.027484253
WECFAN01,0.009975382,0.013464585
WEGFUL,0.013584213,0.115410149
WEGGAS,0.020300278,0.00041157
WEMCAU,0.002156363,0.145205915
WEMCEY,0.371013163,-0.073972285
WEMCIC,0.004322108,0.935366392
WEMCUO,0.328874237,0.216024473
WEMDID,0.11266587,0.754749715
WEMDOJ,0.110286004,0.650500894
WEMDUP,0.001408264,0.875649452
WEMFAX,0.083294736,-0.135224909
WEMFEB,0.101326913,0.946921289
WEMFIF,0.108046859,0.248996079
WEMFOL,0.094546856,0.56017673
WENDIE,0.035033905,1.158848882
WENKEH,0.646723916,0.056973428
WENKIL,0.023705821,0.272231787
WENKOR,0.504115662,0.115668938
WENKUX,0.54539236,0.341095805
WENLAE,0.516566298,0.224041626
WEWGAH,0.739483965,0.25290066
WICGEV,0.000681401,0.626570106
WIDZOA,0.005417302,0.135209322
WIDZUG,0.006013767,0.079726562
WIJDAV,0.004193991,-0.039139181
WISTID,0.012713822,0.023706719
WISVEB,0.001771736,0.104582921
WOBHEB01,0.002195442,0.057833686
WOBHEB,0.002594406,0.080335617
WOBHOL,0.001350778,0.077954903
WOBHOM,0.007085111,0.021390751
WODROY,0.011153321,-0.015711904
WODWUJ,0.983518931,0.061309427
WODXEU,1.358835911,0.77960813
WOGHEG,0.027908413,0.843766451
WOHBIF,0.004991421,0.012626946
WOHZAU01,0.960259803,0.630291641
WOHZAU,1.661047922,0.629869461
WOJZAY,0.21862932,0.157363489
WOJZEC,0.206844613,0.187688589
WOPSAX,0.001139737,0.076955244
WOSHET,0.007001096,-0.034225553
WOTSEF,0.005621087,0.014608294
WOWBIV,0.022704563,0.032890603
WUPZUE,0.041295118,0.471860588
WUSSEK,0.00353282,-0.040663511
XADDAJ01,1.368932923,0.224744171
XADDAJ,1.44768784,0.686431766
XADGAM,0.063505183,0.013874874
XAFXOT,0.100124645,0.337730497
XAVDEF,0.001756561,-0.088128418
XEDLUN01,0.254487629,0.147867262
XEDPON,0.003355539,0.042542055
XEGJOK,0.268178306,0.263711631
XEGKEB,0.200084272,0.221765041
XEJJIG,0.693437503,0.751704216
XEJJOM,0.750762195,0.514336944
XEJTIR,0.03924678,0.046318054
XEJXER,0.003140696,-0.026267976
XEKMIL,0.046720429,0.319654346
XENKIM,0.005844308,0.149391949
XEQLEM01,0.148440111,0.037733346
XEQLEM,0.143357054,0.030752316
XESKAJ,0.070301816,0.167853624
XESKIR,0.004946167,0.007622227
XEXLET,0.001220223,0.117973968
XEXLIX,0.002508206,0.075346634
XEXLOD,0.001774913,0.069534928
XEXMAQ,0.001779807,0.068023652
XEXMEU,0.001289313,0.066073984
XIFHIF,0.007006202,0.469931066
XINWUO,0.000541605,0.112263024
XOHJUA,0.000938656,0.236692026
XOPMIA,0.010001743,-0.024602145
XOTXUB,0.001960195,0.061478645
XOVPIH,1.413873136,0.81305933
XUCSAR01,1.283060254,0.531010091
XUCSAR,1.315228257,0.534010172
XUDNAN,0.101659891,0.25221464
XUDYEC,0.003622934,0.085110813
XUGDOU,0.009469429,0.012937069
XUKLAS,0.0437215,0.039319247
XUKNIC,0.00307788,-0.011983514
XULGUI,0.016186461,0.087597236
XUNHAQ,0.017442947,0.055077642
XUNSAC,0.018497731,0.071764782
XUNSEG,0.011957803,0.042960927
XUNTIL,0.011040249,0.047445029
XUWVUG,5.88E-05,0.163945943
XUYDIF,0.004010375,0.032848656
YAJZIV,1.856174307,0.99364537
YASPEP,0.071826021,0.007638365
YAVWAW,0.575512551,0.615569949
YAWKOX,2.554534817,1.071697712
YAZZAC,0.495319103,0.597400129
YAZZEG,0.500815946,0.436872661
YEGTEK,0.013423286,0.30866304
YELYOE,0.053222583,0.051556811
YEMLOS,4.68E-05,0.129318729
YEMMAF,0.003261468,0.110286236
YIVZIO,0.155016612,0.382161379
YIWBEN,0.032114725,-0.032338947
YIXYUB,0.001354272,-0.015019149
YOCSEQ,2.451553475,2.004348755
YOPPAW,0.008380183,0.065189376
YOYBUL,0.008134151,-0.022822291
YUGLES,0.001123797,-0.012142628
YUJNIB,0.103363596,0.218566552
YUJNOH,0.070173158,0.809827566
YUKJUL,0.057515229,0.769968748
YUKKAS,1.372565895,1.114629507
YUKWOS,1.441469502,1.089752674
YUKWUY,1.444434259,1.23033452
YUKXAF,1.359006019,1.505514145
YUKXEJ,1.308632879,1.500898838
YURKAY,0.183182255,0.223175392
YUSGID,0.005420798,0.003884703
YUZBIG,0.019325884,0.008555681
YUZBUS,0.020899736,0.009576246
YUZCAZ,0.020692741,0.012047842
YUZCED,0.027351962,0.023497656
ZARZAV,0.014129484,-0.006915629
ZASJAG,0.001055661,-0.009679496
ZEBMAW,0.040228612,0.100259379
ZERNIV,0.001833948,0.168051049
ZERNOB,0.002203344,0.301380634
ZERNUH,0.022237943,0.200004026
ZERQOE,0.039197395,0.021807373
ZEZPUR,0.562955993,0.221634373
ZEZQEC,0.434288616,0.277300686
ZEZQIG,0.003689078,0.125005215
ZIKJOU,0.010547299,-0.001099765
ZIYPUU,0.015233476,0.038487926
ZIYQAB,0.011708536,0.182940707
ZOHBEF,0.111243233,1.489820957
ZOHBIJ,0.00304138,0.621889055
ZOHBOP,0.105257739,1.020193338
ZOHBUV,0.097580483,0.926951766
ZOXTEN,1.649340421,0.866701126
ZOXTIR,1.59169301,0.925208211
ZOXTOX,0.038863695,0.288019508
ZOYKAB,0.027343832,0.016899586
ZUDQEW,0.034888608,0.310213864
ZUSBIA,0.015261857,-0.005330831
ZUSBOG,0.015974461,-0.017939627
